id,seed,name,n_flows,n_tasks,n_procs,utilization,holistic_invslack,holistic_system_slack,holistic_avg_wcrt,holistic_max_wcrt,holistic_schedulable,V1_iter_invslack,V1_iter_system_slack,V1_iter_avg_wcrt,V1_iter_max_wcrt,V1_iter_schedulable,V2_2pass_invslack,V2_2pass_system_slack,V2_2pass_avg_wcrt,V2_2pass_max_wcrt,V2_2pass_schedulable,V2_5pass_invslack,V2_5pass_system_slack,V2_5pass_avg_wcrt,V2_5pass_max_wcrt,V2_5pass_schedulable,V3_oneshot_invslack,V3_oneshot_system_slack,V3_oneshot_avg_wcrt,V3_oneshot_max_wcrt,V3_oneshot_schedulable
0,1000,sys_0,3,12,3,0.5,-0.1752945594220252,0.1752945594220252,335.4673800356239,646.9836957337134,True,-0.4780797795320024,0.4780797795320024,238.38634133556107,409.4478543513536,True,-0.5778985390755831,0.5778985390755831,193.11934679729595,294.02741494437544,True,-0.4919291308002659,0.4919291308002659,234.33298851273298,398.5830000334582,True,-0.47807977953200254,0.47807977953200254,238.38634133556107,409.44785435135356,True
1,1001,sys_1,3,12,3,0.5045454545454545,1.8117655788134217,-1.8117655788134217,1093.6712048543757,1734.311884346937,False,1.0411791913195088,-1.0411791913195088,825.4633497310582,1343.5688151193162,False,-0.355134812951621,0.355134812951621,253.21459055417293,336.3212165561928,True,-0.019756427298187416,0.019756427298187416,390.44949535319876,577.4927218246995,True,1.041179191319514,-1.041179191319514,825.4633497310605,1343.5688151193206,False
2,1002,sys_2,3,12,3,0.5090909090909089,9.004534724612173,-9.004534724612173,1798.2226070985464,5040.260561541104,False,9.578141068537223,-9.578141068537223,1844.4525980423425,5329.242059703407,False,-0.3032176446642491,0.3032176446642491,184.3327690526535,351.03727681975204,True,0.842600131790465,-0.842600131790465,377.41796660199316,928.297520134195,False,inf,-inf,inf,inf,False
3,1003,sys_3,3,12,3,0.5136363636363637,0.13355767155911033,-0.13355767155911033,330.38584983844845,532.4779641363207,False,-0.31615389238397273,0.31615389238397273,205.97923136422673,314.1302821822269,True,-0.45092369872527455,0.45092369872527455,170.52001443862858,253.54562678586802,True,-0.35552293558499226,0.35552293558499226,196.16791461542778,297.98998150440076,True,-0.3161538923839727,0.3161538923839727,205.97923136422676,314.13028218222695,True
4,1004,sys_4,3,12,3,0.5181818181818182,-0.4158224743167883,0.4158224743167883,256.0804248482851,366.7017767866404,True,-0.6317017875262865,0.6317017875262865,156.54354253890725,231.18932681209034,True,-0.6346796356873922,0.6346796356873922,155.31743735707082,229.32006248118142,True,-0.631711306449214,0.631711306449214,156.53960881838353,231.18335156347646,True,-0.6317017875262865,0.6317017875262865,156.54354253890722,231.18932681209034,True
5,1005,sys_5,3,12,3,0.5227272727272728,9.297076340552819,-9.297076340552819,4223.836322887858,5114.617772040667,False,9.923100442189222,-9.923100442189222,4103.298500291957,5425.5675882856385,False,-0.2972524335421998,0.2972524335421998,379.5696794917076,474.0292261540133,True,0.5380854982401454,-0.5380854982401454,904.1142564282409,992.2992831207025,False,0.6187885678488015,-0.6187885678488015,583.5842113300928,1047.0674494207562,False
6,1006,sys_6,3,12,3,0.5272727272727272,0.9776101622348544,-0.9776101622348544,484.39331086595917,711.1733389122197,False,0.025186880709219577,-0.025186880709219577,292.09546862589656,377.775691524802,False,-0.196186232424343,0.196186232424343,242.87151213233142,309.98480764687895,True,-0.004423769152347777,0.004423769152347777,285.3558005711507,368.20582977151656,True,0.02518688070921926,-0.02518688070921926,292.0954686258965,377.77569152480197,False
7,1007,sys_7,3,12,3,0.5318181818181819,-0.3651512940133037,0.3651512940133037,279.4384124384837,585.431870562176,True,-0.5530456130171622,0.5530456130171622,200.92974990585276,412.1633081391469,True,-0.5713170250385384,0.5713170250385384,195.3096844059622,395.3141489353622,True,-0.5534737761485902,0.5534737761485902,200.79813827784463,411.7684733689507,True,-0.5530456130171622,0.5530456130171622,200.92974990585276,412.1633081391469,True
8,1008,sys_8,3,12,3,0.5363636363636365,-0.42839762915835605,0.42839762915835605,230.2337201991824,396.3183346718006,True,-0.6311157978165082,0.6311157978165082,146.9988626407496,255.76446171983972,True,-0.6535291471775719,0.6535291471775719,138.88140435835297,240.22425099588008,True,-0.6339034466013134,0.6339034466013134,145.9939455122806,253.83165601363322,True,-0.6311157978165082,0.6311157978165082,146.9988626407496,255.76446171983972,True
9,1009,sys_9,3,12,3,0.5409090909090909,-0.014979447336356306,0.014979447336356306,265.5977693904401,388.1867775188905,True,-0.5277313706333908,0.5277313706333908,185.28463987509838,351.7258522665082,True,-0.557044766110864,0.557044766110864,172.90368923471885,325.42342594870365,True,-0.5287888867441064,0.5287888867441064,184.5026689645022,349.76636308333104,True,-0.5277313706333908,0.5277313706333908,185.28463987509838,351.7258522665082,True
10,1010,sys_10,3,12,3,0.5454545454545454,0.36620174584850823,-0.36620174584850823,540.3895325065524,857.7354800129006,False,-0.26523467907776893,0.26523467907776893,328.65106848346767,467.8877263298081,True,-0.6219771554168985,0.6219771554168985,195.5916963140596,266.1859917290479,True,-0.44386946139882066,0.44386946139882066,261.90212350833286,366.0493542154484,True,-0.26523467907776876,0.26523467907776876,328.65106848346767,467.88772632980806,True
11,1011,sys_11,3,12,3,0.55,1.5331880190516487,-1.5331880190516487,449.0350905635699,781.4912859345927,False,0.1921489497868657,-0.1921489497868657,256.9216167263692,367.7792602790281,False,-0.05383373133502649,0.05383373133502649,223.82878669439944,291.8933330040551,True,0.16900906385351538,-0.16900906385351538,253.88654510741665,360.6405800553613,False,0.1921489497868659,-0.1921489497868659,256.9216167263692,367.77926027902816,False
12,1012,sys_12,3,12,3,0.5545454545454546,1.4255116546506035,-1.4255116546506035,363.1760683139837,805.4958506360001,False,0.5608826373417835,-0.5608826373417835,240.38883325239922,518.3584606975206,False,-0.1569979484199456,0.1569979484199456,160.50098869312544,279.9552223644889,True,0.2536156072617174,-0.2536156072617174,206.3741976813819,416.31717910145545,False,0.5608826373417838,-0.5608826373417838,240.38883325239928,518.3584606975207,False
13,1013,sys_13,3,12,3,0.5590909090909091,0.001147285300702802,-0.001147285300702802,447.69126607596496,956.009332422816,False,-0.2898282393452767,0.2898282393452767,303.1899572602786,585.9939881463113,True,-0.3098394771931748,0.3098394771931748,270.08825761375647,495.32964764890954,True,-0.29043350883695374,0.29043350883695374,302.1166798579175,583.0388442024408,True,-0.2898282393452767,0.2898282393452767,303.1899572602786,585.9939881463114,True
14,1014,sys_14,3,12,3,0.5636363636363636,1.8553872556325341,-1.8553872556325341,809.6910638230129,1246.910530768519,False,0.31084997178485557,-0.31084997178485557,408.36725000873935,572.4311582787639,False,-0.2551778834217653,0.2551778834217653,259.2526997539742,325.2541450826655,True,0.06110038084612111,-0.06110038084612111,342.23885677986755,463.36875548827015,False,0.3108499717848558,-0.3108499717848558,408.3672500087394,572.431158278764,False
15,1015,sys_15,3,12,3,0.5681818181818181,0.899884668773633,-0.899884668773633,343.99641252333953,554.0164929286238,False,-0.070036110505251,0.070036110505251,207.95077792670745,271.1824254788646,True,-0.0814649553238225,0.0814649553238225,206.79454804957717,267.84971343129723,True,-0.07004057525422898,0.07004057525422898,207.95033635384087,271.1811235342723,True,-0.070036110505251,0.070036110505251,207.95077792670745,271.1824254788646,True
16,1016,sys_16,3,12,3,0.5727272727272728,1.808513397614751,-1.808513397614751,671.6990497518182,1166.0886021921488,False,0.6092589503195774,-0.6092589503195774,438.39567275639655,668.160786249797,False,0.07376234532823957,-0.07376234532823957,328.85574014434775,445.8237704736502,False,0.5349219927850272,-0.5349219927850272,423.45782116676327,637.2962445401863,False,0.6092589503195778,-0.6092589503195778,438.3956727563966,668.1607862497971,False
17,1017,sys_17,3,12,3,0.5772727272727273,-0.026346208587288276,0.026346208587288276,289.7298475831742,540.3205613190669,True,-0.4078282428929954,0.4078282428929954,186.81557032089265,328.62047990704053,True,-0.4586744838157001,0.4586744838157001,172.95664261597395,300.40380815099644,True,-0.4114442898802733,0.4114442898802733,185.82093858452944,326.6137866089153,True,-0.4078282428929953,0.4078282428929953,186.81557032089268,328.6204799070406,True
18,1018,sys_18,3,12,3,0.5818181818181818,9.253911938628429,-9.253911938628429,2572.1193473612707,5599.134049674571,False,9.30393659406208,-9.30393659406208,2401.459900113043,5626.4499417202815,False,-0.2570819219413797,0.2570819219413797,317.225354651614,405.66936130067995,True,1.0145926854099299,-1.0145926854099299,672.7107789837227,1100.065474388391,False,inf,-inf,inf,inf,False
19,1019,sys_19,3,12,3,0.5863636363636363,1.7141747459368555,-1.7141747459368555,428.6755467364206,684.3820560008462,False,0.10050362572837607,-0.10050362572837607,257.6319303712967,369.6913550912101,False,-0.05659286992260334,0.05659286992260334,232.69632216799027,337.1519989376223,True,0.09193779854655891,-0.09193779854655891,256.313699047754,367.94986847127507,False,0.10050362572837584,-0.10050362572837584,257.6319303712966,369.6913550912101,False
20,1020,sys_20,3,12,3,0.5909090909090909,0.4580627379290924,-0.4580627379290924,311.7196259057495,482.5802851253503,False,-0.26924514053072685,0.26924514053072685,179.91928702679192,241.86057243345238,True,-0.4033468118743509,0.4033468118743509,157.99155237119268,203.8830248102275,True,-0.2789869480189289,0.2789869480189289,178.45843865834112,238.63629126022246,True,-0.26924514053072696,0.26924514053072696,179.91928702679186,241.86057243345235,True
21,1021,sys_21,3,12,3,0.5954545454545455,9.001344170275354,-9.001344170275354,3641.5028696248396,4224.209138123429,False,9.619797008646557,-9.619797008646557,3821.2121868985582,4485.421439876872,False,-0.4333390645474231,0.4333390645474231,197.1716112664442,239.3372591726781,True,0.154736026864228,-0.154736026864228,374.578843987889,487.71908992968065,False,0.09128135224486697,-0.09128135224486697,196.8642614908847,460.91811079925503,False
22,1022,sys_22,3,12,3,0.6,1.8368661975778544,-1.8368661975778544,766.5905442509328,1266.5823985396573,False,0.7075316933602971,-0.7075316933602971,515.2951657918694,762.3657363908558,False,-0.011195003324709433,0.011195003324709433,345.7971743110782,441.47411867584805,True,0.5109375124772445,-0.5109375124772445,469.0510827185196,674.591864865157,False,0.7075316933602976,-0.7075316933602976,515.2951657918696,762.365736390856,False
23,1023,sys_23,3,12,3,0.6045454545454545,6.940578605416382,-6.940578605416382,1782.7756163703525,3943.6696525221932,False,3.828490275846374,-3.828490275846374,1163.953970881732,2398.058317232079,False,-0.1099611194964693,0.1099611194964693,341.76549536243823,442.03571263841735,True,1.2412402952856114,-1.2412402952856114,648.326253077306,1113.10671120348,False,3.828490275846376,-3.828490275846376,1163.9539708817324,2398.05831723208,False
24,1024,sys_24,3,12,3,0.6090909090909091,9.121675434602391,-9.121675434602391,2055.947245405246,5308.325110924944,False,9.530353161883578,-9.530353161883578,4445.359692912576,7499.812363773617,False,-0.2957007362928512,0.2957007362928512,314.6464271167102,501.6082789005636,True,-0.11118238018647372,0.11118238018647372,371.8211183185255,633.0239139885573,True,-0.24764833633126815,0.24764833633126815,311.54702176057424,535.8316309383041,True
25,1025,sys_25,3,12,3,0.6136363636363636,9.084288942092622,-9.084288942092622,1160.2962358808124,2652.378662817311,False,15.916572421678621,-15.916572421678621,1667.2600218822233,4449.411951295518,False,1.0257778882503796,-1.0257778882503796,300.1353988572174,532.8219051691932,False,16.848937380309522,-16.848937380309522,1775.0579666549374,4694.6434134672045,False,inf,-inf,inf,inf,False
26,1026,sys_26,3,12,3,0.6181818181818182,1.10071869595063,-1.10071869595063,380.5195479415179,636.9241873136389,False,0.21128318183598613,-0.21128318183598613,245.7404208855502,367.25314897454285,False,0.02072963095979938,-0.02072963095979938,224.90207843995506,309.4785569906213,False,0.20465484171532264,-0.20465484171532264,245.05582437537555,365.24347954439503,False,0.2112831818359863,-0.2112831818359863,245.74042088555026,367.2531489745429,False
27,1027,sys_27,3,12,3,0.6227272727272727,2.1617549712748274,-2.1617549712748274,514.4463650277411,1232.7351204668432,False,1.0059186000241724,-1.0059186000241724,343.50307453203067,782.0866352747298,False,0.04265646293483655,-0.04265646293483655,216.1372060148732,406.52082533874045,False,0.6142825455520234,-0.6142825455520234,292.5784127899454,629.391842928369,False,1.0059186000241713,-1.0059186000241713,343.5030745320305,782.0866352747294,False
28,1028,sys_28,3,12,3,0.6272727272727272,0.4138398975212845,-0.4138398975212845,383.3874176382212,655.0476733137874,False,-0.2593295703995596,0.2593295703995596,222.69138579769097,343.1608079901337,True,-0.3106848425520349,0.3106848425520349,212.95458128519996,319.36734198676766,True,-0.2604593571334561,0.2604593571334561,222.49532389975334,342.63736529151055,True,-0.2593295703995596,0.2593295703995596,222.69138579769097,343.1608079901337,True
29,1029,sys_29,3,12,3,0.6318181818181818,1.6778657590829873,-1.6778657590829873,799.042412862771,1771.1691142230536,False,0.3099398496780735,-0.3099398496780735,429.1526243061862,866.408256414728,False,0.07201951400588966,-0.07201951400588966,371.82344434708807,709.0451963887253,False,0.2999855737879704,-0.2999855737879704,426.7821931625812,859.824391651827,False,0.3099398496780737,-0.3099398496780737,429.1526243061863,866.4082564147282,False
30,1030,sys_30,3,12,3,0.6363636363636364,9.087190079727877,-9.087190079727877,3317.6270458091426,8238.99895807302,False,9.017881103113826,-9.017881103113826,3166.4222753764775,8182.388883156727,False,0.10854431124357093,-0.10854431124357093,526.6329054283659,905.4350471365306,False,2.0156731565506694,-2.0156731565506694,1156.9056117688185,2463.1366910238708,False,9.28790320744424,-9.28790320744424,3240.155700995169,8402.937105074934,False
31,1031,sys_31,3,12,3,0.6409090909090909,0.6788260053175129,-0.6788260053175129,609.7693252349517,1124.7603733490714,False,0.16647279420623343,-0.16647279420623343,455.5148888054375,781.4999120559854,False,-0.12995784818452683,0.12995784818452683,378.7538650341492,582.9007487409766,True,0.14430553037897995,-0.14430553037897995,450.0537872262712,766.6485457681767,False,0.1664727942062338,-0.1664727942062338,455.5148888054376,781.4999120559856,False
32,1032,sys_32,3,12,3,0.6454545454545455,0.3980781512153722,-0.3980781512153722,363.1209429687098,661.361412898772,False,-0.26234868210631807,0.26234868210631807,236.4139683505757,334.810749613197,True,-0.2868243190250664,0.2868243190250664,220.70852812854523,295.80072877577516,True,-0.26283241397361684,0.26283241397361684,236.1048473048188,334.043542091155,True,-0.26234868210631807,0.26234868210631807,236.41396835057563,334.81074961319695,True
33,1033,sys_33,3,12,3,0.6499999999999999,-0.0976566591791768,0.0976566591791768,345.0743065789648,580.314884669358,True,-0.32890346809646215,0.32890346809646215,258.39205339277913,465.3234682154998,True,-0.348587664318694,0.348587664318694,245.59173828775542,451.6748826250144,True,-0.3293527410852066,0.3293527410852066,257.980886455445,465.0119522779861,True,-0.32890346809646215,0.32890346809646215,258.39205339277913,465.3234682154998,True
34,1034,sys_34,3,12,3,0.6545454545454547,0.08010513940777218,-0.08010513940777218,364.4748909920295,870.8702582219034,False,-0.1801914451656707,0.1801914451656707,273.19638665365255,660.9975842097733,True,-0.2660553350245242,0.2660553350245242,247.99869616605122,591.7670017367401,True,-0.1859846980854843,0.1859846980854843,271.5387196486409,656.3265836912598,True,-0.18019144516567098,0.18019144516567098,273.1963866536525,660.9975842097731,True
35,1035,sys_35,3,12,3,0.6590909090909091,9.03827069629112,-9.03827069629112,3149.844607162006,8750.0869572819,False,9.017123841745997,-9.017123841745997,3079.047352881799,8731.653820565314,False,-0.10736158619654748,0.10736158619654748,387.9705440398668,778.0885750646503,True,1.7505582374698514,-1.7505582374698514,959.2236097259464,2397.5866448612105,False,10.515423670232556,-10.515423670232556,3514.389825067727,10037.680942565705,False
36,1036,sys_36,3,12,3,0.6636363636363636,2.813872616579725,-2.813872616579725,1036.4910036876752,2084.994153059968,False,2.3104713205239364,-2.3104713205239364,921.4912084909732,1809.7912649623581,False,-0.2487826213690874,0.2487826213690874,248.78227301317182,410.68069114671425,True,0.22414779285486075,-0.22414779285486075,372.9420478473838,669.2255476724823,False,2.310471320523942,-2.310471320523942,921.4912084909748,1809.7912649623613,False
37,1037,sys_37,3,12,3,0.6681818181818183,0.59137579377581,-0.59137579377581,342.88579360661373,584.04557220814,False,-0.1062598724666976,0.1062598724666976,223.94024409367566,328.00861131113817,True,-0.16866216442490786,0.16866216442490786,212.80625516173757,305.1065523151555,True,-0.10765881138030667,0.10765881138030667,223.70998870652542,327.4951913625134,True,-0.10625987246669745,0.10625987246669745,223.94024409367566,328.0086113111382,True
38,1038,sys_38,3,12,3,0.6727272727272727,9.897515149905564,-9.897515149905564,1803.0900519385978,3094.6599559508577,False,9.59571513301714,-9.59571513301714,1512.9105084478863,3008.955241240918,False,0.7473257951754823,-0.7473257951754823,374.95253162135896,496.20295030068525,False,5.487516596403321,-5.487516596403321,1027.1913362595956,1842.3152019779425,False,inf,-inf,inf,inf,False
39,1039,sys_39,3,12,3,0.6772727272727272,0.07067484827141476,-0.07067484827141476,295.9637012412427,533.9450454797578,False,-0.19468069530246002,0.19468069530246002,229.0505969331579,401.61236015460355,True,-0.20824602044214602,0.20824602044214602,225.31047990940712,394.8473388595285,True,-0.19485067628364028,0.19485067628364028,229.00017703742446,401.5275907188841,True,-0.19468069530246013,0.19468069530246013,229.0505969331579,401.6123601546035,True
40,1040,sys_40,3,12,3,0.681818181818182,9.040832754218249,-9.040832754218249,2081.2838007855407,3439.5806499783284,False,10.477876064305814,-10.477876064305814,2496.585860918165,5024.173154760291,False,0.3694848372715121,-0.3694848372715121,374.5880618923184,599.4601193393295,False,7.829570345396005,-7.829570345396005,1763.2275653794466,2824.0982681441355,False,inf,-inf,inf,inf,False
41,1041,sys_41,3,12,3,0.6863636363636364,2.679387373955844,-2.679387373955844,953.3176950013361,1740.0132312109206,False,1.1218412183915873,-1.1218412183915873,581.8286162772717,1003.4365559505154,False,0.11672244607890314,-0.11672244607890314,389.1259292929767,528.1074359067567,False,0.9506305030018356,-0.9506305030018356,550.7214557734272,922.4695688341351,False,1.121841218391588,-1.121841218391588,581.828616277272,1003.4365559505158,False
42,1042,sys_42,3,12,3,0.6909090909090909,8.088775396823216,-8.088775396823216,1266.1901378441034,3240.2110560873257,False,2.370872674377205,-2.370872674377205,546.2106265257881,1201.7393357522442,False,0.10207161360515647,-0.10207161360515647,275.6382716190612,392.8961241853961,False,1.1064633663603118,-1.1064633663603118,395.9182235289136,750.9687049048736,False,2.3708726743772064,-2.3708726743772064,546.2106265257884,1201.7393357522446,False
43,1043,sys_43,3,12,3,0.6954545454545454,9.124439653967574,-9.124439653967574,4428.934854404591,7890.054159452327,False,9.300097696264473,-9.300097696264473,4011.2333942459177,8026.945830955627,False,0.6003671879273519,-0.6003671879273519,640.6872296105479,1247.1785322764954,False,1.6015848623048234,-1.6015848623048234,1031.027212397553,2027.4352127677885,False,inf,-inf,inf,inf,False
44,1044,sys_44,3,12,3,0.7000000000000001,9.33826240342764,-9.33826240342764,6389.666016207215,9301.366739236155,False,9.711428584730097,-9.711428584730097,6317.721465087842,9637.105509595054,False,0.01515346685661591,-0.01515346685661591,375.1772823920216,661.9068534158745,False,0.5061467315138657,-0.5061467315138657,668.5782292133114,982.0474207962851,False,inf,-inf,inf,inf,False
45,1045,sys_45,3,12,3,0.7045454545454545,9.277712052993996,-9.277712052993996,3595.603247652227,9463.449560826031,False,11.623384555464735,-11.623384555464735,4187.777750164582,11623.28370473765,False,-0.04078296489042079,0.04078296489042079,534.9655441474216,883.2220617622999,True,4.756342586287733,-4.756342586287733,2071.3566258848564,5300.290321356083,False,inf,-inf,inf,inf,False
46,1046,sys_46,3,12,3,0.709090909090909,0.9954299567185071,-0.9954299567185071,680.7385565348658,1089.7840626152745,False,0.47113467868824543,-0.47113467868824543,499.06596384279084,774.778143353614,False,-0.1639222496620508,0.1639222496620508,286.53270088747485,409.7404208624333,True,0.23684367726844285,-0.23684367726844285,422.70394128635576,645.9892489710846,False,0.4711346786882462,-0.4711346786882462,499.065963842791,774.7781433536143,False
47,1047,sys_47,3,12,3,0.7136363636363637,9.238789429662633,-9.238789429662633,1501.52727100201,3071.035692917586,False,9.453195225333198,-9.453195225333198,1383.2702312866795,3135.3448435057526,False,1.2112495028903523,-1.2112495028903523,431.26583916654494,663.2450248121079,False,22.156850290828608,-22.156850290828608,3273.7008723745626,6945.695510902492,False,-0.7177025826964513,0.7177025826964513,71.00978996554802,118.34521865480646,True
48,1048,sys_48,3,12,3,0.7181818181818181,2.210599658227945,-2.210599658227945,513.4449802778338,999.8524575805703,False,0.29609914941781096,-0.29609914941781096,258.61158541748995,403.63422966560313,False,0.22526987222338207,-0.22526987222338207,249.97287737815464,381.57641043858905,False,0.2955429422032515,-0.2955429422032515,258.5438803022591,403.46101431345664,False,0.2960991494178108,-0.2960991494178108,258.61158541748995,403.6342296656031,False
49,1049,sys_49,3,12,3,0.7227272727272727,9.438691628978145,-9.438691628978145,4909.357450009467,10445.321340300037,False,9.760831578915631,-9.760831578915631,4355.667618273915,10767.66588435231,False,0.2642603337955569,-0.2642603337955569,628.8350113696957,1265.0632774351138,False,9.760831578915631,-9.760831578915631,5155.411833454387,10767.66588435231,False,0.6105735017169163,-0.6105735017169163,751.4299483644368,1611.596392109562,False
50,1050,sys_50,3,12,3,0.7272727272727272,9.048753327549186,-9.048753327549186,1615.2521744794865,4610.306682125001,False,11.036368828703104,-11.036368828703104,2244.520070603849,5522.21254027189,False,1.2510340077824433,-1.2510340077824433,571.1227623973591,1032.7606608989304,False,29.326970383894217,-29.326970383894217,5802.869401321229,13913.828875285442,False,inf,-inf,inf,inf,False
51,1051,sys_51,3,12,3,0.7318181818181818,10.864921246883657,-10.864921246883657,2647.0686896135117,4947.5639915271695,False,10.585726205006635,-10.585726205006635,2448.260782860904,4417.897894757066,False,1.364490170892514,-1.364490170892514,634.4826006228922,1238.3741242614406,False,7.43531526015193,-7.43531526015193,2168.922678548451,4417.897894757066,False,inf,-inf,inf,inf,False
52,1052,sys_52,3,12,3,0.7363636363636363,1.1512688216680569,-1.1512688216680569,875.9476288697333,1974.4946410899856,False,0.4422873230434554,-0.4422873230434554,607.5396469749179,1323.7716093766455,False,-0.009894532921924038,0.009894532921924038,449.4767553835541,908.7464658850572,True,0.3740539364138154,-0.3740539364138154,585.114487653735,1261.1451003664044,False,0.4422873230434557,-0.4422873230434557,607.539646974918,1323.7716093766458,False
53,1053,sys_53,3,12,3,0.7409090909090909,9.045794321033172,-9.045794321033172,3848.3057293108027,6223.199514006814,False,10.374137334316595,-10.374137334316595,4441.7435632852485,7046.085522870428,False,0.542933484574494,-0.542933484574494,522.6829782202348,955.8211729703523,False,1.4339726411739666,-1.4339726411739666,873.143506436072,1507.8048458493513,False,inf,-inf,inf,inf,False
54,1054,sys_54,3,12,3,0.7454545454545455,9.06820187238719,-9.06820187238719,1844.927364551736,4248.94207744158,False,8.84123325745818,-8.84123325745818,1812.4045015616578,4153.157695041046,False,1.9062421475517077,-1.9062421475517077,670.3059764181013,1226.4806272739932,False,6.514824166668491,-6.514824166668491,1439.7184303476922,3171.375883304765,False,8.84123325745819,-8.84123325745819,1812.4045015616596,4153.157695041051,False
55,1055,sys_55,3,12,3,0.75,4.0805212152300125,-4.0805212152300125,743.767802889576,1506.0608473482885,False,2.516097291415197,-2.516097291415197,537.7567411798888,1042.305748117627,False,0.7524450099056907,-0.7524450099056907,328.54479315240326,519.4917420358325,False,2.104903299568631,-2.104903299568631,490.54587076762164,920.4121183993761,False,2.516097291415199,-2.516097291415199,537.756741179889,1042.3057481176274,False
56,1056,sys_56,3,12,3,0.7545454545454545,2.3891306428272063,-2.3891306428272063,793.242353274531,1430.2249538464082,False,1.475796553549836,-1.475796553549836,600.4117727565434,1044.7947821155872,False,1.0120266421397426,-1.0120266421397426,513.7779076269893,849.0822616951485,False,1.4435857274462225,-1.4435857274462225,594.7386272649518,1031.2017011362818,False,1.475796553549836,-1.475796553549836,600.4117727565434,1044.7947821155872,False
57,1057,sys_57,3,12,3,0.7590909090909091,9.07170739325216,-9.07170739325216,3568.27194422227,7870.796576618538,False,9.432259476238558,-9.432259476238558,3549.261187103902,5824.308761393598,False,9.432259476238558,-9.432259476238558,3873.5369185253626,5824.308761393598,False,108.22537967921694,-108.22537967921694,38452.84323164117,62555.647531005976,False,inf,-inf,inf,inf,False
58,1058,sys_58,3,12,3,0.7636363636363637,9.01488780443457,-9.01488780443457,1213.2817519228486,3146.9231932625953,False,13.482610064058344,-13.482610064058344,1632.574593118413,4550.791022280118,False,2.0356012830886585,-2.0356012830886585,411.35557543316145,953.8603197351281,False,14.631217644693827,-14.631217644693827,1759.9665334541478,4911.711674217778,False,inf,-inf,inf,inf,False
59,1059,sys_59,3,12,3,0.7681818181818181,10.955915233480685,-10.955915233480685,3124.885697752948,8350.587941281381,False,12.630454154762031,-12.630454154762031,2453.8027631498067,4559.972058731154,False,2.8911226480896146,-2.8911226480896146,947.3103665719851,1343.2258055375794,False,30.20037596445294,-30.20037596445294,6216.11262617484,10437.865166077909,False,inf,-inf,inf,inf,False
60,1060,sys_60,3,12,3,0.7727272727272728,9.266986520742499,-9.266986520742499,2471.9944396418628,5758.743929734084,False,9.127667848436653,-9.127667848436653,2384.173867370345,5680.600205982329,False,2.0260327924267973,-2.0260327924267973,909.79228594389,1525.3806580619535,False,28.637065133887166,-28.637065133887166,6051.181995014643,16623.40440304421,False,inf,-inf,inf,inf,False
61,1061,sys_61,3,12,3,0.7772727272727272,9.078267733375432,-9.078267733375432,1686.3723677368491,4810.016398229413,False,9.240926768610066,-9.240926768610066,2338.36676347984,4887.6480555238295,False,2.7827583704257686,-2.7827583704257686,917.0693055377933,1805.3826583741268,False,58.714865200759846,-58.714865200759846,13821.465975385567,28499.885936004444,False,inf,-inf,inf,inf,False
62,1062,sys_62,3,12,3,0.7818181818181816,9.089405142052497,-9.089405142052497,2016.793800293113,3101.378589445996,False,9.345222327864015,-9.345222327864015,2113.6231274145775,3180.0141414649497,False,0.4615130857595301,-0.4615130857595301,298.66935616622135,449.2539776678711,False,1.2243742377221285,-1.2243742377221285,455.3866390167052,683.7495906506211,False,inf,-inf,inf,inf,False
63,1063,sys_63,3,12,3,0.7863636363636365,9.143884676020527,-9.143884676020527,1759.2978017907146,5009.037650042533,False,16.324468684550133,-16.324468684550133,3062.6989611596723,8554.801112145336,False,1.3545402420287598,-1.3545402420287598,561.6115171450539,1162.6690461833134,False,17.66577730843458,-17.66577730843458,3293.2223067296127,9217.137644149336,False,-0.0790912224358103,0.0790912224358103,263.32420808225356,636.7461257827723,True
64,1064,sys_64,3,12,3,0.790909090909091,9.37142509097267,-9.37142509097267,1081.90165435079,2878.8427703750017,False,9.360920739295025,-9.360920739295025,1036.6281321756394,2875.927030578454,False,1.4278652765652957,-1.4278652765652957,302.1806854992994,673.9134051084402,False,4.633380427921436,-4.633380427921436,599.2119966066606,1563.6825581288283,False,inf,-inf,inf,inf,False
65,1065,sys_65,3,12,3,0.7954545454545454,9.137244135620222,-9.137244135620222,2690.2013042330045,6076.615441486136,False,17.20529076637056,-17.20529076637056,3917.9633832367767,10912.882190432114,False,2.056272029983755,-2.056272029983755,815.8408350301992,1832.0353700000137,False,44.8104355081814,-44.8104355081814,9653.74573877419,27460.36260605342,False,inf,-inf,inf,inf,False
66,1066,sys_66,3,12,3,0.7999999999999998,1.0145186046060666,-1.0145186046060666,713.6403294688592,1631.9560898252544,False,0.33594967883412374,-0.33594967883412374,486.86234988384325,1082.2492326894023,False,0.13533469521262873,-0.13533469521262873,426.9569075663307,919.731575377762,False,0.3227432190234993,-0.3227432190234993,482.9831076704236,1071.5507152055216,False,0.33594967883412374,-0.33594967883412374,486.86234988384325,1082.2492326894023,False
67,1067,sys_67,3,12,3,0.8045454545454543,9.520808453084356,-9.520808453084356,1491.0258352165395,4132.404067891423,False,9.78217326165046,-9.78217326165046,1682.892557395383,4235.063954053079,False,3.6340933282388543,-3.6340933282388543,877.9369737427014,1820.197203095035,False,41.9750395532299,-41.9750395532299,5945.102186275584,16879.903199406544,False,inf,-inf,inf,inf,False
68,1068,sys_68,3,12,3,0.8090909090909091,9.169000546753718,-9.169000546753718,1887.9508132876226,3897.362450432983,False,14.371516731898156,-14.371516731898156,2290.790584595545,5891.274353036291,False,4.764701104378574,-4.764701104378574,1063.490604858596,2209.374413825443,False,81.34658278629611,-81.34658278629611,11172.940206434456,31560.080874932635,False,inf,-inf,inf,inf,False
69,1069,sys_69,3,12,3,0.8136363636363636,9.819453542325622,-9.819453542325622,3586.8821336469005,10569.06970032288,False,9.564518444018459,-9.564518444018459,3619.5907996988876,10320.034311194724,False,0.9142196459708816,-0.9142196459708816,773.5022991826482,1869.9207664091423,False,96.61212291215678,-96.61212291215678,32009.95226724174,95353.18272953309,False,2.4656254838249985,-2.4656254838249985,460.6383532485557,939.8243286828614,False
70,1070,sys_70,3,12,3,0.818181818181818,1.800710764221794,-1.800710764221794,412.3727702123574,894.4563457410575,False,1.0745381684071336,-1.0745381684071336,304.74030396542315,662.5403283046202,False,0.8521932281019909,-0.8521932281019909,280.9198742672742,591.5305527362345,False,1.0624762405155497,-1.0624762405155497,303.45618676832254,658.688139038123,False,1.0745381684071336,-1.0745381684071336,304.74030396542315,662.5403283046202,False
71,1071,sys_71,3,12,3,0.8227272727272728,9.05514272904406,-9.05514272904406,1615.4817844887855,4103.97179195114,False,11.39419604013386,-11.39419604013386,2643.517172956627,5058.648325865946,False,0.6801300476578225,-0.6801300476578225,508.7952599554483,717.1622987241528,False,5.400041996567447,-5.400041996567447,1603.5853590151582,2612.155046327475,False,inf,-inf,inf,inf,False
72,1072,sys_72,3,12,3,0.8272727272727273,2.944635548519991,-2.944635548519991,1341.6754729078013,2886.5810453050763,False,1.419663452849548,-1.419663452849548,861.5819212007596,1770.6463811678395,False,0.467133914090915,-0.467133914090915,579.9949448231821,1073.6101967463214,False,1.2724402797530963,-1.2724402797530963,819.1102216671547,1662.912316597709,False,1.4196634528495486,-1.4196634528495486,861.5819212007597,1770.64638116784,False
73,1073,sys_73,3,12,3,0.8318181818181817,9.000069142370046,-9.000069142370046,1187.0943954456582,2855.3023435452938,False,5.889576112114841,-5.889576112114841,847.9518629159846,1967.1686804250332,False,3.6949250865375896,-3.6949250865375896,629.2956240674495,1340.53379146769,False,5.652851756372693,-5.652851756372693,824.6660372923752,1899.577186996158,False,5.889576112114841,-5.889576112114841,847.9518629159846,1967.1686804250332,False
74,1074,sys_74,3,12,3,0.8363636363636363,9.102912742555432,-9.102912742555432,3164.795426348662,6793.920512049688,False,10.09815308309002,-10.09815308309002,3355.3957944290414,7463.191239836551,False,1.9893694313398733,-1.9893694313398733,1046.2734634890123,2010.2656347932764,False,13.564523427530506,-13.564523427530506,4518.737158889727,9794.226376491424,False,inf,-inf,inf,inf,False
75,1075,sys_75,3,12,3,0.8409090909090908,6.865954773092038,-6.865954773092038,2236.365450289129,5079.48083795534,False,4.969596170960387,-4.969596170960387,1749.3268603996219,3854.897496290252,False,1.37427897071376,-1.37427897071376,800.7361664429955,1533.2028830061718,False,4.0222451008702835,-4.0222451008702835,1501.8455117350184,3243.1406598792037,False,4.969596170960389,-4.969596170960389,1749.3268603996223,3854.897496290253,False
76,1076,sys_76,3,12,3,0.8454545454545456,9.188610365019986,-9.188610365019986,1197.0231138132278,3113.6242937610164,False,7.41885175913511,-7.41885175913511,1075.3717881874034,2572.788675167316,False,4.6722448824141924,-4.6722448824141924,795.1366581379253,1733.4296663931545,False,6.891012518093934,-6.891012518093934,1021.602561501722,2411.481781957551,False,7.418851759135113,-7.418851759135113,1075.3717881874036,2572.7886751673163,False
77,1077,sys_77,3,12,3,0.85,9.095220360015203,-9.095220360015203,2471.4498213109605,5157.60462877551,False,9.01506071499524,-9.01506071499524,2478.7008157950736,5116.651411168346,False,0.7185263464241979,-0.7185263464241979,447.17226447109664,877.987713284226,False,1.9824500623903842,-1.9824500623903842,763.8017537272943,1523.7208994270322,False,inf,-inf,inf,inf,False
78,1078,sys_78,3,12,3,0.8545454545454545,13.010593194234488,-13.010593194234488,1990.8945801739135,5174.422093635927,False,14.747539768739104,-14.747539768739104,2054.3296680885824,5049.813116360672,False,2.191482436182984,-2.191482436182984,520.4552322562546,1023.4227125982343,False,41.1163784076326,-41.1163784076326,7677.685872417052,13505.59155396892,False,inf,-inf,inf,inf,False
79,1079,sys_79,3,12,3,0.859090909090909,9.702019009565962,-9.702019009565962,3145.055290434815,5710.066985326479,False,14.184662992694426,-14.184662992694426,3003.226249093765,8101.783669080744,False,4.583501834211803,-4.583501834211803,1295.6583187544227,2979.0798780627174,False,152.21022721986162,-152.21022721986162,27905.433754824448,81745.38463074368,False,inf,-inf,inf,inf,False
80,1080,sys_80,3,12,3,0.8636363636363636,10.459672013908191,-10.459672013908191,2828.73574598596,4516.957106550645,False,22.87195553310912,-22.87195553310912,3950.2241187066525,7782.461012230971,False,6.710029344458587,-6.710029344458587,1582.4037039077355,2513.535294298983,False,960.3037817009953,-960.3037817009953,108498.71762859997,313393.22794992704,False,inf,-inf,inf,inf,False
81,1081,sys_81,3,12,3,0.8681818181818182,9.052041297893277,-9.052041297893277,1605.3374313784864,4397.181594673459,False,20.418630453311916,-20.418630453311916,3268.0554412560273,9369.401181445039,False,5.941883913003741,-5.941883913003741,1157.1447797191488,3036.669196834402,False,226.52265503802323,-226.52265503802323,33366.693422775155,99527.8870684815,False,inf,-inf,inf,inf,False
82,1082,sys_82,3,12,3,0.8727272727272727,9.09402142480419,-9.09402142480419,1876.2751413265669,4583.084854092989,False,10.371386656394442,-10.371386656394442,2161.701627841359,5163.059177474201,False,4.835732698398093,-4.835732698398093,1323.8997005193116,2649.653395508058,False,52.00721925240704,-52.00721925240704,9482.78105947621,24067.373496584943,False,inf,-inf,inf,inf,False
83,1083,sys_83,3,12,3,0.8772727272727273,11.123493620823165,-11.123493620823165,1631.600144519145,4541.901379719879,False,17.222448461989185,-17.222448461989185,2608.1121006837147,6826.791550352091,False,1.3984279112180376,-1.3984279112180376,614.1289090042463,898.5382745126751,False,19.606851335331665,-19.606851335331665,2907.247124379263,7720.075535889169,False,1.3842336147270973,-1.3842336147270973,632.2726414242445,893.2205751074787,False
84,1084,sys_84,3,12,3,0.8818181818181818,9.38831775650758,-9.38831775650758,2545.402773350334,7345.5416155258745,False,11.36502769796335,-11.36502769796335,4736.7295061049235,6685.657359758309,False,2.0427268244146943,-2.0427268244146943,1301.7282692250383,1500.965236495277,False,26.734372093307144,-26.734372093307144,11532.647005692126,15084.490135295262,False,inf,-inf,inf,inf,False
85,1085,sys_85,3,12,3,0.8863636363636362,9.592172531601767,-9.592172531601767,2571.7043953384346,7229.344831249491,False,10.029667711143919,-10.029667711143919,2987.7320634914017,7527.943018305395,False,10.029667711143919,-10.029667711143919,3902.341126680114,7527.943018305395,False,325.0866170124676,-325.0866170124676,87760.14655339521,222559.8754368313,False,inf,-inf,inf,inf,False
86,1086,sys_86,3,12,3,0.890909090909091,4.231338447398202,-4.231338447398202,2026.1254085368873,5299.071507017725,False,2.5566706182106493,-2.5566706182106493,1381.990761597526,3602.720818451485,False,0.6471880974451496,-0.6471880974451496,727.1513925824493,1668.5151613945886,False,1.8087399140993647,-1.8087399140993647,1128.8287807803868,2845.1062379322348,False,2.5566706182106516,-2.5566706182106516,1381.9907615975264,3602.7208184514866,False
87,1087,sys_87,3,12,3,0.8954545454545455,9.001118295473795,-9.001118295473795,1856.439390763189,4631.984233632823,False,7.411420897568126,-7.411420897568126,1554.8440779053537,3895.7212412553945,False,2.121322888826895,-2.121322888826895,719.2166420155336,1445.630176744,False,5.258549131316186,-5.258549131316186,1222.0769934140399,2898.6259381406126,False,7.411420897568131,-7.411420897568131,1554.8440779053547,3895.7212412553968,False
88,1088,sys_88,3,12,3,0.8999999999999999,10.482058983299472,-10.482058983299472,2167.8729827526527,6203.164242585411,False,18.721823888515697,-18.721823888515697,3700.2174675008628,10654.684227083853,False,3.5141887681241615,-3.5141887681241615,960.7192396467025,2438.7833568384776,False,36.908895761062894,-36.908895761062894,6975.537627704162,20480.221099974624,False,inf,-inf,inf,inf,False
89,1089,sys_89,3,12,3,0.9045454545454547,9.760171101625689,-9.760171101625689,2756.6794594669063,6121.348597989186,False,14.079219987998504,-14.079219987998504,2950.7417179487798,6214.853998785168,False,6.610144528823862,-6.610144528823862,1924.6229151277546,3136.4975903220934,False,169.20158495695466,-169.20158495695466,39685.84854746743,70148.05816953296,False,0.6124922841730251,-0.6124922841730251,411.92014185411443,664.583720396609,False
90,1090,sys_90,3,12,3,0.9090909090909088,9.858991378233387,-9.858991378233387,3536.564626722078,4973.878815040109,False,14.770198532498515,-14.770198532498515,3384.2864843476036,7223.420081813524,False,17.06256031569109,-17.06256031569109,4812.1523643997325,8273.419046973773,False,1175.5916114831405,-1175.5916114831405,185831.78237880665,538928.8826622103,False,inf,-inf,inf,inf,False
91,1091,sys_91,3,12,3,0.9136363636363636,9.237523271155943,-9.237523271155943,1960.987917272984,5596.824379088612,False,9.354019174870478,-9.354019174870478,2128.9222195759494,5660.512352898692,False,11.283857344230839,-11.283857344230839,3038.597513233502,6715.549301571948,False,9611.792853222782,-9611.792853222782,1870900.3114506304,5255286.065491037,False,1.6416779837148048,-1.6416779837148048,571.7350093107717,916.2979103152159,False
92,1092,sys_92,3,12,3,0.9181818181818183,9.072749441946156,-9.072749441946156,2484.9440605346103,5863.696536791524,False,9.288108528118315,-9.288108528118315,2538.1787718993437,5989.064524452923,False,8.40221374739305,-8.40221374739305,2366.275420596922,5473.354470545658,False,15.095980709343921,-15.095980709343921,3763.8771581202795,9370.028201893563,False,16.222915927154606,-16.222915927154606,3997.495210566481,10026.056247855578,False
93,1093,sys_93,3,12,3,0.9227272727272727,7.56091853321255,-7.56091853321255,1992.6290593540555,3967.4931761148523,False,5.462190536614257,-5.462190536614257,1589.347523254077,2994.853502846023,False,2.1324042994484036,-2.1324042994484036,807.6748254393788,1451.6891656753965,False,3.9936379007618537,-3.9936379007618537,1237.6396784595447,2314.2638512910207,False,5.462190536614261,-5.462190536614261,1589.347523254078,2994.8535028460246,False
94,1094,sys_94,3,12,3,0.9272727272727272,8.64785589526986,-8.64785589526986,2234.9326859332714,5776.640606907767,False,5.708873119765851,-5.708873119765851,1595.4217241822091,4016.928663832142,False,3.922584649119257,-3.922584649119257,1236.4330695237138,2947.390869403915,False,5.591173746230203,-5.591173746230203,1571.9191081326987,3946.456323868298,False,5.708873119765851,-5.708873119765851,1595.4217241822091,4016.928663832142,False
95,1095,sys_95,3,12,3,0.9318181818181817,9.313213767154867,-9.313213767154867,1145.5700698556855,3165.0341544126213,False,9.829547445887737,-9.829547445887737,2816.5759900327193,3323.492396931324,False,1.8045212734546712,-1.8045212734546712,640.5142677093307,860.6827917724399,False,25.47371721825117,-25.47371721825117,5722.4569848071105,8116.227859995388,False,11.050724191059523,-11.050724191059523,1328.370765530483,3698.2607469632467,False
96,1096,sys_96,3,12,3,0.9363636363636362,9.05730748769132,-9.05730748769132,3032.602760763557,7759.7578024851655,False,11.189208377853806,-11.189208377853806,3355.24672135041,9404.6348818436,False,11.438026670731862,-11.438026670731862,3608.5471607406143,9596.611680000016,False,2144.060021548823,-2144.060021548823,553223.1376612274,1655030.062408225,False,inf,-inf,inf,inf,False
97,1097,sys_97,3,12,3,0.9409090909090909,9.153292401123018,-9.153292401123018,1369.234175631397,3699.8057859780442,False,12.200364661945166,-12.200364661945166,1827.5474795956086,4810.142722559922,False,52.98134138319619,-52.98134138319619,6859.247345192846,19670.513887920235,False,172.9628466334907,-172.9628466334907,21740.190793971527,63391.13669656659,False,inf,-inf,inf,inf,False
98,1098,sys_98,3,12,3,0.9454545454545453,9.088333814285258,-9.088333814285258,1469.14161199578,3749.0972458256083,False,10.790151945026121,-10.790151945026121,1662.2015384473232,4381.538814900381,False,10.790151945026121,-10.790151945026121,1687.0035449030404,4381.538814900381,False,18.871983872213768,-18.871983872213768,2699.9113148487204,7384.965780861791,False,19.735607646744025,-19.735607646744025,2807.367285114476,7705.911694639556,False
99,1099,sys_99,3,12,3,0.9500000000000001,9.107455108926665,-9.107455108926665,1715.0638407458391,3930.6298740984757,False,9.078662738748438,-9.078662738748438,1768.3469211024876,3919.432975457918,False,5.145683721441358,-5.145683721441358,1178.864965704345,2389.9594677322616,False,9.078662738748438,-9.078662738748438,1785.1005932117969,3919.432975457918,False,10.16815154559844,-10.16815154559844,1948.0839421524518,4343.117988703085,False
