id,name,util,f0,v3_failed,v3_base,f_guided,delta_guided,delta_random,improvement,demote,promote
0,sys_0,0.5,335.4673800356239,False,158.53023461974138,233.1547666137271,-102.31261342189677,744.8683694230465,847.1809828449433,task2_2,task1_0
1,sys_1,0.5045454545454545,1093.6712048543757,False,226.90433587083862,223.644434394124,-870.0267704602517,461.47821607842127,1331.504986538673,task1_3,task0_2
2,sys_2,0.5090909090909089,1798.2226070985464,False,159.54872911164276,208.78427470732356,-1589.438332391223,10.010766934840058,1599.449099326063,task0_3,task0_0
3,sys_3,0.5136363636363637,330.38584983844845,False,149.48561234413827,239.68698965864473,-90.69886017980372,79.75657411950115,170.45543429930487,task1_3,task0_0
4,sys_4,0.5181818181818182,256.0804248482851,False,168.14533863681626,417.0326761524193,160.95225130413422,14.938001468778959,-146.01424983535526,task0_2,task2_0
5,sys_5,0.5227272727272728,4223.836322887858,False,227.5069886799182,3328.0973295645417,-895.7389933233162,-652.1642440402293,243.57474928308693,task1_2,task1_1
6,sys_6,0.5272727272727272,484.39331086595917,False,183.51354770409782,318.93436313104826,-165.4589477349109,-19.19248524120844,146.26646249370248,task1_3,task1_2
7,sys_7,0.5318181818181819,279.4384124384837,False,219.1281096290453,401.9066419276944,122.46822948921073,28.395260531701286,-94.07296895750945,task0_3,task1_0
8,sys_8,0.5363636363636365,230.2337201991824,False,160.89881912094287,196.86359767691837,-33.37012252226401,5.327937496912284,38.698060019176296,task2_2,task2_1
9,sys_9,0.5409090909090909,265.5977693904401,False,234.21128910650273,518.9880140676029,253.3902446771628,52.67231592074485,-200.71792875641796,task1_3,task2_1
10,sys_10,0.5454545454545454,540.3895325065524,False,180.75854517075564,851.0848470198192,310.6953145132668,-121.78606359663937,-432.48137810990613,task0_1,task1_0
11,sys_11,0.55,449.0350905635699,False,216.18313579168657,2002.5478994252255,1553.5128088616557,625.5416093521774,-927.9711995094783,task1_3,task2_0
12,sys_12,0.5545454545454546,363.1760683139837,False,152.62539320807574,1963.5402888337874,1600.3642205198037,222.36246644879702,-1378.0017540710066,task0_3,task2_0
13,sys_13,0.5590909090909091,447.69126607596496,False,248.82363718611188,311.01284708661524,-136.67841898934972,1512.9935884199342,1649.6720074092839,task2_3,task1_0
14,sys_14,0.5636363636363636,809.6910638230129,False,223.05541590993099,454.67372208679654,-355.01734173621634,-170.8025174272975,184.21482430891885,task2_1,task2_0
15,sys_15,0.5681818181818181,343.99641252333953,False,182.13371328188336,330.42309716749304,-13.57331535584649,6.0133718980120765,19.586687253858564,task2_3,task1_3
16,sys_16,0.5727272727272728,671.6990497518182,False,219.53044309114088,500.2478314614721,-171.45121829034605,91.57850805066919,263.02972634101525,task1_2,task1_0
17,sys_17,0.5772727272727273,289.7298475831742,False,198.54906717589157,492.1333106283524,202.40346304517817,60.96951530295736,-141.43394774222082,task0_3,task2_1
18,sys_18,0.5818181818181818,2572.1193473612707,False,278.37386153204403,2050.3780566831697,-521.741290678101,-184.9317534169348,336.80953726116616,task2_3,task2_0
19,sys_19,0.5863636363636363,428.6755467364206,False,244.91664039607045,1311.1576021898634,882.4820554534429,45.68195726010532,-836.8000981933376,task1_3,task2_0
20,sys_20,0.5909090909090909,311.7196259057495,False,160.3485163653999,3670.1658539604887,3358.446228054739,29.055991418858422,-3329.3902366358807,task0_1,task2_1
21,sys_21,0.5954545454545455,3641.5028696248396,False,285.75485572075644,524.3317928031546,-3117.171076821685,366.4309828772797,3483.6020596989647,task2_3,task2_0
22,sys_22,0.6,766.5905442509328,False,254.6734753402843,482.0784443608636,-284.5120998900692,888.2890459570974,1172.8011458471665,task2_3,task2_0
23,sys_23,0.6045454545454545,1782.7756163703525,False,314.55739602529303,2737.628827835603,954.8532114652503,-176.76348258295553,-1131.6166940482058,task1_3,task2_0
24,sys_24,0.6090909090909091,2055.947245405246,False,214.52116782045286,2053.464470153165,-2.4827752520809554,-322.12264215320505,-319.6398669011241,task1_2,task1_0
25,sys_25,0.6136363636363636,1160.2962358808124,False,374.6073947742577,884.1679936223954,-276.128242258417,662.0824347307843,938.2106769892013,task0_3,task0_0
26,sys_26,0.6181818181818182,380.5195479415179,False,210.80925315435493,366.76687769301975,-13.752670248498134,71.65484756125093,85.40751780974907,task1_3,task1_0
27,sys_27,0.6227272727272727,514.4463650277411,False,210.12384498627281,224.47328668647967,-289.9730783412614,-63.18466127525441,226.78841706600696,task0_3,task0_1
28,sys_28,0.6272727272727272,383.3874176382212,False,204.5814814569878,348.06102988080085,-35.32638775742038,-8.790128427749483,26.536259329670894,task1_3,task1_1
29,sys_29,0.6318181818181818,799.042412862771,False,416.31006902539974,4892.513122413084,4093.4707095503127,851.8893165758388,-3241.5813929744736,task0_3,task1_0
30,sys_30,0.6363636363636364,3317.6270458091426,False,732.2017911633885,1716.6416395786403,-1600.9854062305023,118.42563535169202,1719.4110415821945,task2_3,task0_0
31,sys_31,0.6409090909090909,609.7693252349517,False,403.5059031904047,908.9725495040843,299.20322426913265,89.4744873792443,-209.72873688988835,task1_3,task2_1
32,sys_32,0.6454545454545455,363.1209429687098,False,177.80438515800049,281.5429751010126,-81.57796786769723,219.61916663667026,301.19713450436745,task2_3,task1_0
33,sys_33,0.6499999999999999,345.0743065789648,False,247.6519551349503,377.61181747853203,32.53751089956722,122.12333986697317,89.58582896740594,task2_2,task0_0
34,sys_34,0.6545454545454547,364.4748909920295,False,433.436552345777,2209.139054494167,1844.6641635021374,290.7318480243897,-1553.9323154777476,task0_2,task2_0
35,sys_35,0.6590909090909091,3149.844607162006,False,187.09688703004926,460.34241271220884,-2689.502194449797,-917.9326791279342,1771.569515321863,task1_3,task0_1
36,sys_36,0.6636363636363636,1036.4910036876752,False,297.1476594090373,303.0596027685594,-733.4314009191157,26.48619870658581,759.9175996257015,task2_3,task2_2
37,sys_37,0.6681818181818183,342.88579360661373,False,236.02491876275053,499.270411146434,156.38461753982028,74.56335957611813,-81.82125796370215,task0_3,task1_0
38,sys_38,0.6727272727272727,1803.0900519385978,False,406.2396197171338,1114.7886941004647,-688.3013578381331,-89.75491220495424,598.5464456331788,task2_3,task1_0
39,sys_39,0.6772727272727272,295.9637012412427,False,272.17336302037546,899.8741585294471,603.9104572882044,187.3732473030604,-416.537209985144,task0_2,task2_1
40,sys_40,0.681818181818182,2081.2838007855407,False,417.3066818437562,1974.382270417749,-106.90153036779179,-420.8902134605041,-313.98868309271234,task1_3,task1_1
41,sys_41,0.6863636363636364,953.3176950013361,False,308.85356846216314,450.13505385597597,-503.18264114536015,-14.757544216464975,488.4250969288952,task1_3,task1_0
42,sys_42,0.6909090909090909,1266.1901378441034,False,633.5898718724902,1938.2787513840806,672.0886135399771,329.9068887800223,-342.1817247599548,task0_3,task1_0
43,sys_43,0.6954545454545454,4428.934854404591,False,431.3555439427287,974.4210656890319,-3454.513788715559,-30.864907243421204,3423.6488814721374,task2_2,task2_0
44,sys_44,0.7000000000000001,6389.666016207215,False,395.4560866134175,543.8624945133392,-5845.803521693875,-2745.5906935947833,3100.212828099092,task2_3,task2_1
45,sys_45,0.7045454545454545,3595.603247652227,False,454.8280211491354,3503.2006881945103,-92.4025594577165,1571.0789916350773,1663.4815510927938,task2_3,task2_1
46,sys_46,0.709090909090909,680.7385565348658,False,234.79061244017421,301.8341393539833,-378.9044171808825,-87.70367358399855,291.20074359688397,task1_3,task1_0
47,sys_47,0.7136363636363637,1501.52727100201,False,531.6637172166298,1343.829226143229,-157.6980448587808,1364.0063851249101,1521.704429983691,task2_2,task2_0
48,sys_48,0.7181818181818181,513.4449802778338,False,247.82994238946506,332.2851404802191,-181.15983979761467,377.1338578348218,558.2936976324365,task1_3,task0_0
49,sys_49,0.7227272727272727,4909.357450009467,False,-760.73351055478,1746.934757512871,-3162.422692496596,-646.777257880997,2515.645434615599,task1_3,task1_1
50,sys_50,0.7272727272727272,1615.2521744794865,False,365.4315397970193,1630.6823475641665,15.430173084680064,31.05391590889517,15.623742824215107,task0_3,task0_0
51,sys_51,0.7318181818181818,2647.0686896135117,False,462.8359975437641,436.7761380690932,-2210.2925515444185,-46.161056994264165,2164.1314945501545,task2_2,task1_0
52,sys_52,0.7363636363636363,875.9476288697333,False,601.237376577917,672.7395005598738,-203.2081283098595,1866.561814959769,2069.7699432696286,task1_3,task1_0
53,sys_53,0.7409090909090909,3848.3057293108027,False,414.79864949974257,650.5171983390472,-3197.7885309717553,116.78675799292114,3314.5752889646765,task2_3,task2_1
54,sys_54,0.7454545454545455,1844.927364551736,False,1142.895538642322,1593.5707463823312,-251.35661816940478,-59.722318513068146,191.63429965633662,task0_3,task1_0
55,sys_55,0.75,743.767802889576,False,244.8698300018126,1660.1649313969567,916.3971285073807,575.6232185007755,-340.7739100066052,task1_2,task2_1
56,sys_56,0.7545454545454545,793.242353274531,False,294.346984925934,390.076264634628,-403.16608863990297,-82.30851704857166,320.8575715913313,task1_3,task0_3
57,sys_57,0.7590909090909091,3568.27194422227,False,2627.4443669592874,1731.4294738347814,-1836.8424703874887,290.0190972654585,2126.861567652947,task2_3,task2_0
58,sys_58,0.7636363636363637,1213.2817519228486,False,540.2427264760166,452.46325906394327,-760.8184928589053,276.41879172814896,1037.2372845870543,task0_3,task0_1
59,sys_59,0.7681818181818181,3124.885697752948,False,-377.9069464202025,825.5616166766564,-2299.324081076292,-735.9643371530839,1563.359743923208,task1_3,task0_1
60,sys_60,0.7727272727272728,2471.9944396418628,False,531.8234943619615,2471.9944396418628,0.0,-474.78207573655175,-474.78207573655175,task2_3,task2_0
61,sys_61,0.7772727272727272,1686.3723677368491,False,415.19689840701517,1686.3723677368491,0.0,231.39330246903214,231.39330246903214,task1_2,task1_0
62,sys_62,0.7818181818181816,2016.793800293113,False,333.7555105188574,469.7415553308851,-1547.0522449622279,494.4452367796415,2041.4974817418693,task2_2,task2_0
63,sys_63,0.7863636363636365,1759.2978017907146,False,1067.497677972773,1759.2978017907146,0.0,-316.5862362289962,-316.5862362289962,task2_3,task1_1
64,sys_64,0.790909090909091,1081.90165435079,False,587.6535933247391,2474.3211257400794,1392.4194713892894,306.870844768901,-1085.5486266203884,task0_2,task2_0
65,sys_65,0.7954545454545454,2690.2013042330045,False,-763.7724425135293,1723.8635086291245,-966.3377956038801,-646.6661396572587,319.6716559466214,task0_3,task0_1
66,sys_66,0.7999999999999998,713.6403294688592,False,867.8523196833816,4454.654934443527,3741.0146049746677,823.6259183131135,-2917.388686661554,task0_3,task2_0
67,sys_67,0.8045454545454543,1491.0258352165395,False,-31910.680018869632,1232.9368557910047,-258.0889794255347,-2.148186342734243,255.94079308280047,task0_3,task0_2
68,sys_68,0.8090909090909091,1887.9508132876226,False,6608.284932201488,4029.5685051861424,2141.6176918985198,828.4968656125905,-1313.1208262859293,task0_3,task0_1
69,sys_69,0.8136363636363636,3586.8821336469005,False,628.7522015396985,712.1619172639479,-2874.7202163829525,-602.6503208251434,2272.069895557809,task0_2,task0_0
70,sys_70,0.818181818181818,412.3727702123574,False,602.2615755663952,365.8598749906678,-46.51289522168963,17.3845541010596,63.89744932274923,task2_2,task0_1
71,sys_71,0.8227272727272728,1615.4817844887855,False,777.2165446262752,1142.1974474131277,-473.28433707565773,1167.441174789326,1640.7255118649837,task1_3,task1_1
72,sys_72,0.8272727272727273,1341.6754729078013,False,-617.101940593209,4679.43682014823,3337.761347240429,1335.9219694740937,-2001.8393777663355,task0_3,task1_0
73,sys_73,0.8318181818181817,1187.0943954456582,False,380.256565311766,1549.644449651839,362.5500542061809,-107.58214768034811,-470.132201886529,task1_1,task2_2
74,sys_74,0.8363636363636363,3164.795426348662,False,-558.5917541241976,4141.19157346195,976.3961471132875,-171.62933569620526,-1148.0254828094928,task0_3,task2_0
75,sys_75,0.8409090909090908,2236.365450289129,False,-1895.901541583745,1755.490741595735,-480.87470869339404,-79.95385897567539,400.9208497177186,task2_2,task1_0
76,sys_76,0.8454545454545456,1197.0231138132278,False,408.90546659503406,856.8172820088702,-340.2058318043577,37.57138423328413,377.7772160376418,task2_1,task0_2
77,sys_77,0.85,2471.4498213109605,False,4213.674115304583,1629.1732171829324,-842.2766041280281,307.75430671693647,1150.0309108449646,task2_3,task2_1
78,sys_78,0.8545454545454545,1990.8945801739135,False,565.59157818234,1934.423059044986,-56.47152112892741,-42.44126707191513,14.030254057012279,task0_2,task0_0
79,sys_79,0.859090909090909,3145.055290434815,False,-1221.760324792572,3021.847140607593,-123.20814982722231,-533.8646777745407,-410.6565279473184,task0_3,task0_0
80,sys_80,0.8636363636363636,2828.73574598596,False,-148.8916916855374,3863.2597742647686,1034.5240282788086,-205.52189713037828,-1240.0459254091868,task1_3,task1_1
81,sys_81,0.8681818181818182,1605.3374313784864,False,3544.647964014654,466.9338454443757,-1138.4035859341107,119.23704138722614,1257.6406273213368,task2_3,task0_0
82,sys_82,0.8727272727272727,1876.2751413265669,False,-674.7002668994093,2587.365499122479,711.090357795912,455.7710847074053,-255.31927308850675,task1_3,task2_1
83,sys_83,0.8772727272727273,1631.600144519145,False,507.4115038952775,1631.600144519145,0.0,-271.24568151536863,-271.24568151536863,task2_3,task1_1
84,sys_84,0.8818181818181818,2545.402773350334,False,1314.8046249726835,2545.402773350334,0.0,94.19515734990732,94.19515734990732,task2_2,task2_1
85,sys_85,0.8863636363636362,2571.7043953384346,False,1059.5292217776553,2571.7043953384346,0.0,87.84210292802827,87.84210292802827,task1_3,task1_1
86,sys_86,0.890909090909091,2026.1254085368873,False,844.1444778280747,4424.320252940145,2398.194844403258,510.92649549115015,-1887.2683489121077,task1_3,task2_0
87,sys_87,0.8954545454545455,1856.439390763189,False,-346.80232176114936,429.2731751316207,-1427.1662156315683,308.0783889250945,1735.2446045566628,task2_2,task0_0
88,sys_88,0.8999999999999999,2167.8729827526527,False,1162.9853771826354,2167.8729827526527,0.0,-87.60911040591768,-87.60911040591768,task0_3,task1_0
89,sys_89,0.9045454545454547,2756.6794594669063,False,2472.42479962653,2701.1727460580473,-55.506713408859014,-60.64919142348517,-5.142478014626157,task1_3,task1_1
90,sys_90,0.9090909090909088,3536.564626722078,False,-3696.567604953347,4095.926375057657,559.3617483355788,321.10590121400486,-238.25584712157394,task0_3,task0_1
91,sys_91,0.9136363636363636,1960.987917272984,False,-382.18566436466426,1960.987917272984,0.0,88.15624255911493,88.15624255911493,task1_1,task1_0
92,sys_92,0.9181818181818183,2484.9440605346103,False,1634.9909194004758,3527.628302382036,1042.6842418474257,36.94338482589101,-1005.7408570215347,task2_3,task0_1
93,sys_93,0.9227272727272727,1992.6290593540555,False,638.6294737616076,1569.922920081559,-422.70613927249656,329.214574269628,751.9207135421245,task2_2,task0_1
94,sys_94,0.9272727272727272,2234.9326859332714,False,893756.0349077856,3383.8455016444427,1148.9128157111713,640.7958378797642,-508.1169778314071,task0_3,task1_0
95,sys_95,0.9318181818181817,1145.5700698556855,False,1410.3349332497028,1145.5700698556855,0.0,111.3611378387598,111.3611378387598,task2_2,task2_0
96,sys_96,0.9363636363636362,3032.602760763557,False,-726.7257064553077,3195.7078717556983,163.10511099214136,-237.5161240868377,-400.62123507897905,task0_3,task0_1
97,sys_97,0.9409090909090909,1369.234175631397,False,1093.3068566181585,1369.234175631397,0.0,59.366172766445835,59.366172766445835,task1_2,task2_0
98,sys_98,0.9454545454545453,1469.14161199578,False,2348.6989211740547,1900.1947834830862,431.05317148730614,127.57441626988798,-303.47875521741815,task1_2,task2_0
99,sys_99,0.9500000000000001,1715.0638407458391,False,702.3973416047002,1798.0235105357826,82.95966978994352,160.92833540631923,77.96866561637572,task2_3,task2_1
